<?xml version="1.0" encoding="utf-8" ?>
<dwsync>
<file name="bootstrap.js" server="localhost/uget/" local="131139158080000000" remote="131139158080000000" />
<file name="bootstrap.js" server="localhost/kings-heritage/" local="131139158080000000" remote="131139158080000000" />
<file name="bootstrap.js" server="localhost/darwin-stripper/" local="131139158080000000" remote="131139158080000000" />
<file name="bootstrap.js" server="localhost/the-taxidermist/" local="131139158080000000" remote="131139158080000000" />
<file name="bootstrap.js" server="localhost/the-ironing-lady/" local="131139158080000000" remote="131139158080000000" />
<file name="bootstrap.js" server="localhost/chirag-netting/" local="131139158080000000" remote="131139158080000000" />
<file name="bootstrap.js" server="localhost/atul-foundation-2017/" local="131139158080000000" remote="131139158080000000" />
<file name="jquery.min.js" server="localhost/atul-foundation-2017/" local="131239076295070343" remote="131239076290000000" />
<file name="aos.js" server="localhost/atul-foundation-2017/" local="131241119500000000" remote="131241119500000000" />
<file name="jquery.min.js" server="localhost/hikian-final/" local="131239076295070343" remote="131239076290000000" />
<file name="bootstrap.js" server="localhost/hikian-final/" local="131139158080000000" remote="131139158080000000" />
</dwsync>